{
    "test_loss": 0.3766844570636749,
    "test_f1_weighted": 0.9472581746459924,
    "test_f1_micro": 0.9472817133443163,
    "test_f1_macro": 0.9472599400483668,
    "test_runtime": 4.8875,
    "test_samples_per_second": 372.586,
    "test_steps_per_second": 11.662
}