{
    "eval_loss": 0.5405608415603638,
    "eval_f1_weighted": 0.9323194121032901,
    "eval_f1_micro": 0.9323394495412844,
    "eval_f1_macro": 0.9322837899912999,
    "eval_runtime": 2.3682,
    "eval_samples_per_second": 368.207,
    "eval_steps_per_second": 11.823,
    "epoch": 10.0
}