{
    "eval_loss": 0.43735551834106445,
    "eval_f1_weighted": 0.93921562513795,
    "eval_f1_micro": 0.9392201834862385,
    "eval_f1_macro": 0.939191313947078,
    "eval_runtime": 3.3218,
    "eval_samples_per_second": 262.509,
    "eval_steps_per_second": 8.429,
    "epoch": 10.0
}