{
    "eval_loss": 0.8689888119697571,
    "eval_f1_weighted": 0.8229855120686531,
    "eval_f1_micro": 0.8512396694214878,
    "eval_f1_macro": 0.6278349553998969,
    "eval_runtime": 0.2776,
    "eval_samples_per_second": 435.913,
    "eval_steps_per_second": 7.205,
    "epoch": 10.0
}