{
    "eval_loss": 1.3576499223709106,
    "eval_f1_weighted": 0.607011885144613,
    "eval_f1_micro": 0.6528925619834711,
    "eval_f1_macro": 0.29647954610331106,
    "eval_runtime": 0.27,
    "eval_samples_per_second": 448.185,
    "eval_steps_per_second": 7.408,
    "epoch": 10.0
}