{
    "eval_loss": 1.9976171255111694,
    "eval_f1_weighted": 0.3510753076415874,
    "eval_f1_micro": 0.46528403967538323,
    "eval_f1_macro": 0.1843493225901313,
    "eval_runtime": 2.5531,
    "eval_samples_per_second": 434.367,
    "eval_steps_per_second": 13.709,
    "epoch": 15.0
}