{
    "test_loss": 1.4577455520629883,
    "test_f1_weighted": 0.5866014582684413,
    "test_f1_micro": 0.6026819923371648,
    "test_f1_macro": 0.3880603904062867,
    "test_runtime": 6.4514,
    "test_samples_per_second": 404.566,
    "test_steps_per_second": 12.711
}