{
    "test_loss": 1.2140647172927856,
    "test_f1_weighted": 0.6071917152140462,
    "test_f1_micro": 0.6275862068965518,
    "test_f1_macro": 0.42543359349696885,
    "test_runtime": 5.3733,
    "test_samples_per_second": 485.738,
    "test_steps_per_second": 15.261
}