{
    "test_loss": 1.0767217874526978,
    "test_f1_weighted": 0.6239273635187355,
    "test_f1_micro": 0.6475095785440613,
    "test_f1_macro": 0.42802320679778455,
    "test_runtime": 5.3303,
    "test_samples_per_second": 489.658,
    "test_steps_per_second": 15.384
}