{
    "test_loss": 1.133497953414917,
    "test_f1_weighted": 0.621097294451414,
    "test_f1_micro": 0.6352490421455939,
    "test_f1_macro": 0.4374107324427966,
    "test_runtime": 6.9172,
    "test_samples_per_second": 377.321,
    "test_steps_per_second": 11.855
}